C:\Users\AbhishekGangadhar\Downloads\ActionRecog\ActionRecog\DataSets\UCF11\action_youtube_naudio\trampoline_jumping\v_jumping_03\v_jumping_03_01.avi,2
C:\Users\AbhishekGangadhar\Downloads\ActionRecog\ActionRecog\DataSets\UCF11\action_youtube_naudio\trampoline_jumping\v_jumping_03\v_jumping_03_02.avi,2
C:\Users\AbhishekGangadhar\Downloads\ActionRecog\ActionRecog\DataSets\UCF11\action_youtube_naudio\trampoline_jumping\v_jumping_03\v_jumping_03_03.avi,2
C:\Users\AbhishekGangadhar\Downloads\ActionRecog\ActionRecog\DataSets\UCF11\action_youtube_naudio\trampoline_jumping\v_jumping_03\v_jumping_03_04.avi,2
C:\Users\AbhishekGangadhar\Downloads\ActionRecog\ActionRecog\DataSets\UCF11\action_youtube_naudio\trampoline_jumping\v_jumping_08\v_jumping_08_01.avi,2
C:\Users\AbhishekGangadhar\Downloads\ActionRecog\ActionRecog\DataSets\UCF11\action_youtube_naudio\trampoline_jumping\v_jumping_08\v_jumping_08_02.avi,2
C:\Users\AbhishekGangadhar\Downloads\ActionRecog\ActionRecog\DataSets\UCF11\action_youtube_naudio\trampoline_jumping\v_jumping_08\v_jumping_08_03.avi,2
C:\Users\AbhishekGangadhar\Downloads\ActionRecog\ActionRecog\DataSets\UCF11\action_youtube_naudio\trampoline_jumping\v_jumping_08\v_jumping_08_04.avi,2
C:\Users\AbhishekGangadhar\Downloads\ActionRecog\ActionRecog\DataSets\UCF11\action_youtube_naudio\biking\v_biking_23\v_biking_23_01.avi,0
C:\Users\AbhishekGangadhar\Downloads\ActionRecog\ActionRecog\DataSets\UCF11\action_youtube_naudio\biking\v_biking_23\v_biking_23_02.avi,0
C:\Users\AbhishekGangadhar\Downloads\ActionRecog\ActionRecog\DataSets\UCF11\action_youtube_naudio\biking\v_biking_23\v_biking_23_03.avi,0
C:\Users\AbhishekGangadhar\Downloads\ActionRecog\ActionRecog\DataSets\UCF11\action_youtube_naudio\biking\v_biking_23\v_biking_23_04.avi,0
C:\Users\AbhishekGangadhar\Downloads\ActionRecog\ActionRecog\DataSets\UCF11\action_youtube_naudio\trampoline_jumping\v_jumping_25\v_jumping_25_01.avi,2
C:\Users\AbhishekGangadhar\Downloads\ActionRecog\ActionRecog\DataSets\UCF11\action_youtube_naudio\trampoline_jumping\v_jumping_25\v_jumping_25_02.avi,2
C:\Users\AbhishekGangadhar\Downloads\ActionRecog\ActionRecog\DataSets\UCF11\action_youtube_naudio\trampoline_jumping\v_jumping_25\v_jumping_25_03.avi,2
C:\Users\AbhishekGangadhar\Downloads\ActionRecog\ActionRecog\DataSets\UCF11\action_youtube_naudio\trampoline_jumping\v_jumping_25\v_jumping_25_04.avi,2
C:\Users\AbhishekGangadhar\Downloads\ActionRecog\ActionRecog\DataSets\UCF11\action_youtube_naudio\golf_swing\v_golf_04\v_golf_04_01.avi,1
C:\Users\AbhishekGangadhar\Downloads\ActionRecog\ActionRecog\DataSets\UCF11\action_youtube_naudio\golf_swing\v_golf_04\v_golf_04_02.avi,1
C:\Users\AbhishekGangadhar\Downloads\ActionRecog\ActionRecog\DataSets\UCF11\action_youtube_naudio\golf_swing\v_golf_04\v_golf_04_03.avi,1
C:\Users\AbhishekGangadhar\Downloads\ActionRecog\ActionRecog\DataSets\UCF11\action_youtube_naudio\golf_swing\v_golf_04\v_golf_04_04.avi,1
C:\Users\AbhishekGangadhar\Downloads\ActionRecog\ActionRecog\DataSets\UCF11\action_youtube_naudio\golf_swing\v_golf_04\v_golf_04_05.avi,1
C:\Users\AbhishekGangadhar\Downloads\ActionRecog\ActionRecog\DataSets\UCF11\action_youtube_naudio\golf_swing\v_golf_04\v_golf_04_06.avi,1
C:\Users\AbhishekGangadhar\Downloads\ActionRecog\ActionRecog\DataSets\UCF11\action_youtube_naudio\golf_swing\v_golf_02\v_golf_02_01.avi,1
C:\Users\AbhishekGangadhar\Downloads\ActionRecog\ActionRecog\DataSets\UCF11\action_youtube_naudio\golf_swing\v_golf_02\v_golf_02_02.avi,1
C:\Users\AbhishekGangadhar\Downloads\ActionRecog\ActionRecog\DataSets\UCF11\action_youtube_naudio\golf_swing\v_golf_02\v_golf_02_03.avi,1
C:\Users\AbhishekGangadhar\Downloads\ActionRecog\ActionRecog\DataSets\UCF11\action_youtube_naudio\golf_swing\v_golf_02\v_golf_02_04.avi,1
C:\Users\AbhishekGangadhar\Downloads\ActionRecog\ActionRecog\DataSets\UCF11\action_youtube_naudio\trampoline_jumping\v_jumping_17\v_jumping_17_01.avi,2
C:\Users\AbhishekGangadhar\Downloads\ActionRecog\ActionRecog\DataSets\UCF11\action_youtube_naudio\trampoline_jumping\v_jumping_17\v_jumping_17_02.avi,2
C:\Users\AbhishekGangadhar\Downloads\ActionRecog\ActionRecog\DataSets\UCF11\action_youtube_naudio\trampoline_jumping\v_jumping_17\v_jumping_17_03.avi,2
C:\Users\AbhishekGangadhar\Downloads\ActionRecog\ActionRecog\DataSets\UCF11\action_youtube_naudio\trampoline_jumping\v_jumping_17\v_jumping_17_04.avi,2
C:\Users\AbhishekGangadhar\Downloads\ActionRecog\ActionRecog\DataSets\UCF11\action_youtube_naudio\trampoline_jumping\v_jumping_05\v_jumping_05_01.avi,2
C:\Users\AbhishekGangadhar\Downloads\ActionRecog\ActionRecog\DataSets\UCF11\action_youtube_naudio\trampoline_jumping\v_jumping_05\v_jumping_05_02.avi,2
C:\Users\AbhishekGangadhar\Downloads\ActionRecog\ActionRecog\DataSets\UCF11\action_youtube_naudio\trampoline_jumping\v_jumping_05\v_jumping_05_03.avi,2
C:\Users\AbhishekGangadhar\Downloads\ActionRecog\ActionRecog\DataSets\UCF11\action_youtube_naudio\trampoline_jumping\v_jumping_05\v_jumping_05_04.avi,2
C:\Users\AbhishekGangadhar\Downloads\ActionRecog\ActionRecog\DataSets\UCF11\action_youtube_naudio\golf_swing\v_golf_10\v_golf_10_01.avi,1
C:\Users\AbhishekGangadhar\Downloads\ActionRecog\ActionRecog\DataSets\UCF11\action_youtube_naudio\golf_swing\v_golf_10\v_golf_10_02.avi,1
C:\Users\AbhishekGangadhar\Downloads\ActionRecog\ActionRecog\DataSets\UCF11\action_youtube_naudio\golf_swing\v_golf_10\v_golf_10_03.avi,1
C:\Users\AbhishekGangadhar\Downloads\ActionRecog\ActionRecog\DataSets\UCF11\action_youtube_naudio\golf_swing\v_golf_10\v_golf_10_04.avi,1
C:\Users\AbhishekGangadhar\Downloads\ActionRecog\ActionRecog\DataSets\UCF11\action_youtube_naudio\biking\v_biking_08\v_biking_08_01.avi,0
C:\Users\AbhishekGangadhar\Downloads\ActionRecog\ActionRecog\DataSets\UCF11\action_youtube_naudio\biking\v_biking_08\v_biking_08_02.avi,0
C:\Users\AbhishekGangadhar\Downloads\ActionRecog\ActionRecog\DataSets\UCF11\action_youtube_naudio\biking\v_biking_08\v_biking_08_03.avi,0
C:\Users\AbhishekGangadhar\Downloads\ActionRecog\ActionRecog\DataSets\UCF11\action_youtube_naudio\biking\v_biking_08\v_biking_08_04.avi,0
C:\Users\AbhishekGangadhar\Downloads\ActionRecog\ActionRecog\DataSets\UCF11\action_youtube_naudio\biking\v_biking_08\v_biking_08_05.avi,0
C:\Users\AbhishekGangadhar\Downloads\ActionRecog\ActionRecog\DataSets\UCF11\action_youtube_naudio\biking\v_biking_08\v_biking_08_06.avi,0
C:\Users\AbhishekGangadhar\Downloads\ActionRecog\ActionRecog\DataSets\UCF11\action_youtube_naudio\golf_swing\v_golf_19\v_golf_19_01.avi,1
C:\Users\AbhishekGangadhar\Downloads\ActionRecog\ActionRecog\DataSets\UCF11\action_youtube_naudio\golf_swing\v_golf_19\v_golf_19_02.avi,1
C:\Users\AbhishekGangadhar\Downloads\ActionRecog\ActionRecog\DataSets\UCF11\action_youtube_naudio\golf_swing\v_golf_19\v_golf_19_03.avi,1
C:\Users\AbhishekGangadhar\Downloads\ActionRecog\ActionRecog\DataSets\UCF11\action_youtube_naudio\golf_swing\v_golf_19\v_golf_19_04.avi,1
C:\Users\AbhishekGangadhar\Downloads\ActionRecog\ActionRecog\DataSets\UCF11\action_youtube_naudio\golf_swing\v_golf_19\v_golf_19_05.avi,1
C:\Users\AbhishekGangadhar\Downloads\ActionRecog\ActionRecog\DataSets\UCF11\action_youtube_naudio\golf_swing\v_golf_19\v_golf_19_06.avi,1
C:\Users\AbhishekGangadhar\Downloads\ActionRecog\ActionRecog\DataSets\UCF11\action_youtube_naudio\trampoline_jumping\v_jumping_10\v_jumping_10_01.avi,2
C:\Users\AbhishekGangadhar\Downloads\ActionRecog\ActionRecog\DataSets\UCF11\action_youtube_naudio\trampoline_jumping\v_jumping_10\v_jumping_10_02.avi,2
C:\Users\AbhishekGangadhar\Downloads\ActionRecog\ActionRecog\DataSets\UCF11\action_youtube_naudio\trampoline_jumping\v_jumping_10\v_jumping_10_03.avi,2
C:\Users\AbhishekGangadhar\Downloads\ActionRecog\ActionRecog\DataSets\UCF11\action_youtube_naudio\trampoline_jumping\v_jumping_10\v_jumping_10_04.avi,2
C:\Users\AbhishekGangadhar\Downloads\ActionRecog\ActionRecog\DataSets\UCF11\action_youtube_naudio\trampoline_jumping\v_jumping_10\v_jumping_10_05.avi,2
C:\Users\AbhishekGangadhar\Downloads\ActionRecog\ActionRecog\DataSets\UCF11\action_youtube_naudio\trampoline_jumping\v_jumping_10\v_jumping_10_06.avi,2
C:\Users\AbhishekGangadhar\Downloads\ActionRecog\ActionRecog\DataSets\UCF11\action_youtube_naudio\golf_swing\v_golf_17\v_golf_17_01.avi,1
C:\Users\AbhishekGangadhar\Downloads\ActionRecog\ActionRecog\DataSets\UCF11\action_youtube_naudio\golf_swing\v_golf_17\v_golf_17_02.avi,1
C:\Users\AbhishekGangadhar\Downloads\ActionRecog\ActionRecog\DataSets\UCF11\action_youtube_naudio\golf_swing\v_golf_17\v_golf_17_03.avi,1
C:\Users\AbhishekGangadhar\Downloads\ActionRecog\ActionRecog\DataSets\UCF11\action_youtube_naudio\golf_swing\v_golf_17\v_golf_17_04.avi,1
C:\Users\AbhishekGangadhar\Downloads\ActionRecog\ActionRecog\DataSets\UCF11\action_youtube_naudio\golf_swing\v_golf_17\v_golf_17_05.avi,1
C:\Users\AbhishekGangadhar\Downloads\ActionRecog\ActionRecog\DataSets\UCF11\action_youtube_naudio\golf_swing\v_golf_17\v_golf_17_06.avi,1
C:\Users\AbhishekGangadhar\Downloads\ActionRecog\ActionRecog\DataSets\UCF11\action_youtube_naudio\golf_swing\v_golf_17\v_golf_17_07.avi,1
C:\Users\AbhishekGangadhar\Downloads\ActionRecog\ActionRecog\DataSets\UCF11\action_youtube_naudio\golf_swing\v_golf_17\v_golf_17_08.avi,1
C:\Users\AbhishekGangadhar\Downloads\ActionRecog\ActionRecog\DataSets\UCF11\action_youtube_naudio\golf_swing\v_golf_16\v_golf_16_01.avi,1
C:\Users\AbhishekGangadhar\Downloads\ActionRecog\ActionRecog\DataSets\UCF11\action_youtube_naudio\golf_swing\v_golf_16\v_golf_16_02.avi,1
C:\Users\AbhishekGangadhar\Downloads\ActionRecog\ActionRecog\DataSets\UCF11\action_youtube_naudio\golf_swing\v_golf_16\v_golf_16_03.avi,1
C:\Users\AbhishekGangadhar\Downloads\ActionRecog\ActionRecog\DataSets\UCF11\action_youtube_naudio\golf_swing\v_golf_16\v_golf_16_04.avi,1
C:\Users\AbhishekGangadhar\Downloads\ActionRecog\ActionRecog\DataSets\UCF11\action_youtube_naudio\golf_swing\v_golf_09\v_golf_09_01.avi,1
C:\Users\AbhishekGangadhar\Downloads\ActionRecog\ActionRecog\DataSets\UCF11\action_youtube_naudio\golf_swing\v_golf_09\v_golf_09_02.avi,1
C:\Users\AbhishekGangadhar\Downloads\ActionRecog\ActionRecog\DataSets\UCF11\action_youtube_naudio\golf_swing\v_golf_09\v_golf_09_03.avi,1
C:\Users\AbhishekGangadhar\Downloads\ActionRecog\ActionRecog\DataSets\UCF11\action_youtube_naudio\golf_swing\v_golf_09\v_golf_09_04.avi,1
C:\Users\AbhishekGangadhar\Downloads\ActionRecog\ActionRecog\DataSets\UCF11\action_youtube_naudio\trampoline_jumping\v_jumping_21\v_jumping_21_01.avi,2
C:\Users\AbhishekGangadhar\Downloads\ActionRecog\ActionRecog\DataSets\UCF11\action_youtube_naudio\trampoline_jumping\v_jumping_21\v_jumping_21_02.avi,2
C:\Users\AbhishekGangadhar\Downloads\ActionRecog\ActionRecog\DataSets\UCF11\action_youtube_naudio\trampoline_jumping\v_jumping_21\v_jumping_21_03.avi,2
C:\Users\AbhishekGangadhar\Downloads\ActionRecog\ActionRecog\DataSets\UCF11\action_youtube_naudio\trampoline_jumping\v_jumping_21\v_jumping_21_04.avi,2
C:\Users\AbhishekGangadhar\Downloads\ActionRecog\ActionRecog\DataSets\UCF11\action_youtube_naudio\golf_swing\v_golf_03\v_golf_03_01.avi,1
C:\Users\AbhishekGangadhar\Downloads\ActionRecog\ActionRecog\DataSets\UCF11\action_youtube_naudio\golf_swing\v_golf_03\v_golf_03_02.avi,1
C:\Users\AbhishekGangadhar\Downloads\ActionRecog\ActionRecog\DataSets\UCF11\action_youtube_naudio\golf_swing\v_golf_03\v_golf_03_03.avi,1
C:\Users\AbhishekGangadhar\Downloads\ActionRecog\ActionRecog\DataSets\UCF11\action_youtube_naudio\golf_swing\v_golf_03\v_golf_03_04.avi,1
C:\Users\AbhishekGangadhar\Downloads\ActionRecog\ActionRecog\DataSets\UCF11\action_youtube_naudio\golf_swing\v_golf_03\v_golf_03_05.avi,1
C:\Users\AbhishekGangadhar\Downloads\ActionRecog\ActionRecog\DataSets\UCF11\action_youtube_naudio\golf_swing\v_golf_03\v_golf_03_06.avi,1
C:\Users\AbhishekGangadhar\Downloads\ActionRecog\ActionRecog\DataSets\UCF11\action_youtube_naudio\golf_swing\v_golf_03\v_golf_03_07.avi,1
C:\Users\AbhishekGangadhar\Downloads\ActionRecog\ActionRecog\DataSets\UCF11\action_youtube_naudio\golf_swing\v_golf_25\v_golf_25_01.avi,1
C:\Users\AbhishekGangadhar\Downloads\ActionRecog\ActionRecog\DataSets\UCF11\action_youtube_naudio\golf_swing\v_golf_25\v_golf_25_02.avi,1
C:\Users\AbhishekGangadhar\Downloads\ActionRecog\ActionRecog\DataSets\UCF11\action_youtube_naudio\golf_swing\v_golf_25\v_golf_25_03.avi,1
C:\Users\AbhishekGangadhar\Downloads\ActionRecog\ActionRecog\DataSets\UCF11\action_youtube_naudio\golf_swing\v_golf_25\v_golf_25_04.avi,1
C:\Users\AbhishekGangadhar\Downloads\ActionRecog\ActionRecog\DataSets\UCF11\action_youtube_naudio\golf_swing\v_golf_25\v_golf_25_05.avi,1
C:\Users\AbhishekGangadhar\Downloads\ActionRecog\ActionRecog\DataSets\UCF11\action_youtube_naudio\golf_swing\v_golf_25\v_golf_25_06.avi,1
C:\Users\AbhishekGangadhar\Downloads\ActionRecog\ActionRecog\DataSets\UCF11\action_youtube_naudio\golf_swing\v_golf_25\v_golf_25_07.avi,1
C:\Users\AbhishekGangadhar\Downloads\ActionRecog\ActionRecog\DataSets\UCF11\action_youtube_naudio\trampoline_jumping\v_jumping_11\v_jumping_11_01.avi,2
C:\Users\AbhishekGangadhar\Downloads\ActionRecog\ActionRecog\DataSets\UCF11\action_youtube_naudio\trampoline_jumping\v_jumping_11\v_jumping_11_02.avi,2
C:\Users\AbhishekGangadhar\Downloads\ActionRecog\ActionRecog\DataSets\UCF11\action_youtube_naudio\trampoline_jumping\v_jumping_11\v_jumping_11_03.avi,2
C:\Users\AbhishekGangadhar\Downloads\ActionRecog\ActionRecog\DataSets\UCF11\action_youtube_naudio\trampoline_jumping\v_jumping_11\v_jumping_11_04.avi,2
C:\Users\AbhishekGangadhar\Downloads\ActionRecog\ActionRecog\DataSets\UCF11\action_youtube_naudio\trampoline_jumping\v_jumping_11\v_jumping_11_05.avi,2
C:\Users\AbhishekGangadhar\Downloads\ActionRecog\ActionRecog\DataSets\UCF11\action_youtube_naudio\trampoline_jumping\v_jumping_11\v_jumping_11_06.avi,2
C:\Users\AbhishekGangadhar\Downloads\ActionRecog\ActionRecog\DataSets\UCF11\action_youtube_naudio\trampoline_jumping\v_jumping_07\v_jumping_07_01.avi,2
C:\Users\AbhishekGangadhar\Downloads\ActionRecog\ActionRecog\DataSets\UCF11\action_youtube_naudio\trampoline_jumping\v_jumping_07\v_jumping_07_02.avi,2
C:\Users\AbhishekGangadhar\Downloads\ActionRecog\ActionRecog\DataSets\UCF11\action_youtube_naudio\trampoline_jumping\v_jumping_07\v_jumping_07_03.avi,2
C:\Users\AbhishekGangadhar\Downloads\ActionRecog\ActionRecog\DataSets\UCF11\action_youtube_naudio\trampoline_jumping\v_jumping_07\v_jumping_07_04.avi,2
C:\Users\AbhishekGangadhar\Downloads\ActionRecog\ActionRecog\DataSets\UCF11\action_youtube_naudio\trampoline_jumping\v_jumping_07\v_jumping_07_05.avi,2
C:\Users\AbhishekGangadhar\Downloads\ActionRecog\ActionRecog\DataSets\UCF11\action_youtube_naudio\biking\v_biking_07\v_biking_07_01.avi,0
C:\Users\AbhishekGangadhar\Downloads\ActionRecog\ActionRecog\DataSets\UCF11\action_youtube_naudio\biking\v_biking_07\v_biking_07_02.avi,0
C:\Users\AbhishekGangadhar\Downloads\ActionRecog\ActionRecog\DataSets\UCF11\action_youtube_naudio\biking\v_biking_07\v_biking_07_03.avi,0
C:\Users\AbhishekGangadhar\Downloads\ActionRecog\ActionRecog\DataSets\UCF11\action_youtube_naudio\biking\v_biking_07\v_biking_07_04.avi,0
C:\Users\AbhishekGangadhar\Downloads\ActionRecog\ActionRecog\DataSets\UCF11\action_youtube_naudio\biking\v_biking_07\v_biking_07_05.avi,0
C:\Users\AbhishekGangadhar\Downloads\ActionRecog\ActionRecog\DataSets\UCF11\action_youtube_naudio\biking\v_biking_07\v_biking_07_06.avi,0
C:\Users\AbhishekGangadhar\Downloads\ActionRecog\ActionRecog\DataSets\UCF11\action_youtube_naudio\trampoline_jumping\v_jumping_01\v_jumping_01_01.avi,2
C:\Users\AbhishekGangadhar\Downloads\ActionRecog\ActionRecog\DataSets\UCF11\action_youtube_naudio\trampoline_jumping\v_jumping_01\v_jumping_01_02.avi,2
C:\Users\AbhishekGangadhar\Downloads\ActionRecog\ActionRecog\DataSets\UCF11\action_youtube_naudio\trampoline_jumping\v_jumping_01\v_jumping_01_03.avi,2
C:\Users\AbhishekGangadhar\Downloads\ActionRecog\ActionRecog\DataSets\UCF11\action_youtube_naudio\trampoline_jumping\v_jumping_01\v_jumping_01_04.avi,2
C:\Users\AbhishekGangadhar\Downloads\ActionRecog\ActionRecog\DataSets\UCF11\action_youtube_naudio\trampoline_jumping\v_jumping_19\v_jumping_19_01.avi,2
C:\Users\AbhishekGangadhar\Downloads\ActionRecog\ActionRecog\DataSets\UCF11\action_youtube_naudio\trampoline_jumping\v_jumping_19\v_jumping_19_02.avi,2
C:\Users\AbhishekGangadhar\Downloads\ActionRecog\ActionRecog\DataSets\UCF11\action_youtube_naudio\trampoline_jumping\v_jumping_19\v_jumping_19_03.avi,2
C:\Users\AbhishekGangadhar\Downloads\ActionRecog\ActionRecog\DataSets\UCF11\action_youtube_naudio\trampoline_jumping\v_jumping_19\v_jumping_19_04.avi,2
C:\Users\AbhishekGangadhar\Downloads\ActionRecog\ActionRecog\DataSets\UCF11\action_youtube_naudio\trampoline_jumping\v_jumping_19\v_jumping_19_05.avi,2
C:\Users\AbhishekGangadhar\Downloads\ActionRecog\ActionRecog\DataSets\UCF11\action_youtube_naudio\trampoline_jumping\v_jumping_19\v_jumping_19_06.avi,2
C:\Users\AbhishekGangadhar\Downloads\ActionRecog\ActionRecog\DataSets\UCF11\action_youtube_naudio\biking\v_biking_05\v_biking_05_01.avi,0
C:\Users\AbhishekGangadhar\Downloads\ActionRecog\ActionRecog\DataSets\UCF11\action_youtube_naudio\biking\v_biking_05\v_biking_05_02.avi,0
C:\Users\AbhishekGangadhar\Downloads\ActionRecog\ActionRecog\DataSets\UCF11\action_youtube_naudio\biking\v_biking_05\v_biking_05_03.avi,0
C:\Users\AbhishekGangadhar\Downloads\ActionRecog\ActionRecog\DataSets\UCF11\action_youtube_naudio\biking\v_biking_05\v_biking_05_04.avi,0
C:\Users\AbhishekGangadhar\Downloads\ActionRecog\ActionRecog\DataSets\UCF11\action_youtube_naudio\biking\v_biking_05\v_biking_05_05.avi,0
C:\Users\AbhishekGangadhar\Downloads\ActionRecog\ActionRecog\DataSets\UCF11\action_youtube_naudio\biking\v_biking_05\v_biking_05_06.avi,0
C:\Users\AbhishekGangadhar\Downloads\ActionRecog\ActionRecog\DataSets\UCF11\action_youtube_naudio\biking\v_biking_05\v_biking_05_07.avi,0
C:\Users\AbhishekGangadhar\Downloads\ActionRecog\ActionRecog\DataSets\UCF11\action_youtube_naudio\biking\v_biking_05\v_biking_05_08.avi,0
C:\Users\AbhishekGangadhar\Downloads\ActionRecog\ActionRecog\DataSets\UCF11\action_youtube_naudio\biking\v_biking_05\v_biking_05_09.avi,0
C:\Users\AbhishekGangadhar\Downloads\ActionRecog\ActionRecog\DataSets\UCF11\action_youtube_naudio\trampoline_jumping\v_jumping_16\v_jumping_16_01.avi,2
C:\Users\AbhishekGangadhar\Downloads\ActionRecog\ActionRecog\DataSets\UCF11\action_youtube_naudio\trampoline_jumping\v_jumping_16\v_jumping_16_02.avi,2
C:\Users\AbhishekGangadhar\Downloads\ActionRecog\ActionRecog\DataSets\UCF11\action_youtube_naudio\trampoline_jumping\v_jumping_16\v_jumping_16_03.avi,2
C:\Users\AbhishekGangadhar\Downloads\ActionRecog\ActionRecog\DataSets\UCF11\action_youtube_naudio\trampoline_jumping\v_jumping_16\v_jumping_16_04.avi,2
C:\Users\AbhishekGangadhar\Downloads\ActionRecog\ActionRecog\DataSets\UCF11\action_youtube_naudio\trampoline_jumping\v_jumping_16\v_jumping_16_05.avi,2
C:\Users\AbhishekGangadhar\Downloads\ActionRecog\ActionRecog\DataSets\UCF11\action_youtube_naudio\trampoline_jumping\v_jumping_16\v_jumping_16_06.avi,2
C:\Users\AbhishekGangadhar\Downloads\ActionRecog\ActionRecog\DataSets\UCF11\action_youtube_naudio\golf_swing\v_golf_24\v_golf_24_01.avi,1
C:\Users\AbhishekGangadhar\Downloads\ActionRecog\ActionRecog\DataSets\UCF11\action_youtube_naudio\golf_swing\v_golf_24\v_golf_24_02.avi,1
C:\Users\AbhishekGangadhar\Downloads\ActionRecog\ActionRecog\DataSets\UCF11\action_youtube_naudio\golf_swing\v_golf_24\v_golf_24_03.avi,1
C:\Users\AbhishekGangadhar\Downloads\ActionRecog\ActionRecog\DataSets\UCF11\action_youtube_naudio\golf_swing\v_golf_24\v_golf_24_04.avi,1
C:\Users\AbhishekGangadhar\Downloads\ActionRecog\ActionRecog\DataSets\UCF11\action_youtube_naudio\golf_swing\v_golf_24\v_golf_24_05.avi,1
C:\Users\AbhishekGangadhar\Downloads\ActionRecog\ActionRecog\DataSets\UCF11\action_youtube_naudio\golf_swing\v_golf_24\v_golf_24_06.avi,1
C:\Users\AbhishekGangadhar\Downloads\ActionRecog\ActionRecog\DataSets\UCF11\action_youtube_naudio\golf_swing\v_golf_24\v_golf_24_07.avi,1
C:\Users\AbhishekGangadhar\Downloads\ActionRecog\ActionRecog\DataSets\UCF11\action_youtube_naudio\biking\v_biking_03\v_biking_03_01.avi,0
C:\Users\AbhishekGangadhar\Downloads\ActionRecog\ActionRecog\DataSets\UCF11\action_youtube_naudio\biking\v_biking_03\v_biking_03_02.avi,0
C:\Users\AbhishekGangadhar\Downloads\ActionRecog\ActionRecog\DataSets\UCF11\action_youtube_naudio\biking\v_biking_03\v_biking_03_03.avi,0
C:\Users\AbhishekGangadhar\Downloads\ActionRecog\ActionRecog\DataSets\UCF11\action_youtube_naudio\biking\v_biking_03\v_biking_03_04.avi,0
C:\Users\AbhishekGangadhar\Downloads\ActionRecog\ActionRecog\DataSets\UCF11\action_youtube_naudio\golf_swing\v_golf_21\v_golf_21_01.avi,1
C:\Users\AbhishekGangadhar\Downloads\ActionRecog\ActionRecog\DataSets\UCF11\action_youtube_naudio\golf_swing\v_golf_21\v_golf_21_02.avi,1
C:\Users\AbhishekGangadhar\Downloads\ActionRecog\ActionRecog\DataSets\UCF11\action_youtube_naudio\golf_swing\v_golf_21\v_golf_21_03.avi,1
C:\Users\AbhishekGangadhar\Downloads\ActionRecog\ActionRecog\DataSets\UCF11\action_youtube_naudio\golf_swing\v_golf_21\v_golf_21_04.avi,1
C:\Users\AbhishekGangadhar\Downloads\ActionRecog\ActionRecog\DataSets\UCF11\action_youtube_naudio\golf_swing\v_golf_21\v_golf_21_05.avi,1
C:\Users\AbhishekGangadhar\Downloads\ActionRecog\ActionRecog\DataSets\UCF11\action_youtube_naudio\golf_swing\v_golf_21\v_golf_21_06.avi,1
C:\Users\AbhishekGangadhar\Downloads\ActionRecog\ActionRecog\DataSets\UCF11\action_youtube_naudio\trampoline_jumping\v_jumping_13\v_jumping_13_01.avi,2
C:\Users\AbhishekGangadhar\Downloads\ActionRecog\ActionRecog\DataSets\UCF11\action_youtube_naudio\trampoline_jumping\v_jumping_13\v_jumping_13_02.avi,2
C:\Users\AbhishekGangadhar\Downloads\ActionRecog\ActionRecog\DataSets\UCF11\action_youtube_naudio\trampoline_jumping\v_jumping_13\v_jumping_13_03.avi,2
C:\Users\AbhishekGangadhar\Downloads\ActionRecog\ActionRecog\DataSets\UCF11\action_youtube_naudio\trampoline_jumping\v_jumping_13\v_jumping_13_04.avi,2
C:\Users\AbhishekGangadhar\Downloads\ActionRecog\ActionRecog\DataSets\UCF11\action_youtube_naudio\biking\v_biking_12\v_biking_12_01.avi,0
C:\Users\AbhishekGangadhar\Downloads\ActionRecog\ActionRecog\DataSets\UCF11\action_youtube_naudio\biking\v_biking_12\v_biking_12_02.avi,0
C:\Users\AbhishekGangadhar\Downloads\ActionRecog\ActionRecog\DataSets\UCF11\action_youtube_naudio\biking\v_biking_12\v_biking_12_03.avi,0
C:\Users\AbhishekGangadhar\Downloads\ActionRecog\ActionRecog\DataSets\UCF11\action_youtube_naudio\biking\v_biking_12\v_biking_12_04.avi,0
C:\Users\AbhishekGangadhar\Downloads\ActionRecog\ActionRecog\DataSets\UCF11\action_youtube_naudio\golf_swing\v_golf_06\v_golf_06_01.avi,1
C:\Users\AbhishekGangadhar\Downloads\ActionRecog\ActionRecog\DataSets\UCF11\action_youtube_naudio\golf_swing\v_golf_06\v_golf_06_02.avi,1
C:\Users\AbhishekGangadhar\Downloads\ActionRecog\ActionRecog\DataSets\UCF11\action_youtube_naudio\golf_swing\v_golf_06\v_golf_06_03.avi,1
C:\Users\AbhishekGangadhar\Downloads\ActionRecog\ActionRecog\DataSets\UCF11\action_youtube_naudio\golf_swing\v_golf_06\v_golf_06_04.avi,1
C:\Users\AbhishekGangadhar\Downloads\ActionRecog\ActionRecog\DataSets\UCF11\action_youtube_naudio\biking\v_biking_04\v_biking_04_01.avi,0
C:\Users\AbhishekGangadhar\Downloads\ActionRecog\ActionRecog\DataSets\UCF11\action_youtube_naudio\biking\v_biking_04\v_biking_04_02.avi,0
C:\Users\AbhishekGangadhar\Downloads\ActionRecog\ActionRecog\DataSets\UCF11\action_youtube_naudio\biking\v_biking_04\v_biking_04_03.avi,0
C:\Users\AbhishekGangadhar\Downloads\ActionRecog\ActionRecog\DataSets\UCF11\action_youtube_naudio\biking\v_biking_04\v_biking_04_04.avi,0
C:\Users\AbhishekGangadhar\Downloads\ActionRecog\ActionRecog\DataSets\UCF11\action_youtube_naudio\biking\v_biking_04\v_biking_04_05.avi,0
C:\Users\AbhishekGangadhar\Downloads\ActionRecog\ActionRecog\DataSets\UCF11\action_youtube_naudio\trampoline_jumping\v_jumping_14\v_jumping_14_01.avi,2
C:\Users\AbhishekGangadhar\Downloads\ActionRecog\ActionRecog\DataSets\UCF11\action_youtube_naudio\trampoline_jumping\v_jumping_14\v_jumping_14_02.avi,2
C:\Users\AbhishekGangadhar\Downloads\ActionRecog\ActionRecog\DataSets\UCF11\action_youtube_naudio\trampoline_jumping\v_jumping_14\v_jumping_14_03.avi,2
C:\Users\AbhishekGangadhar\Downloads\ActionRecog\ActionRecog\DataSets\UCF11\action_youtube_naudio\trampoline_jumping\v_jumping_14\v_jumping_14_04.avi,2
C:\Users\AbhishekGangadhar\Downloads\ActionRecog\ActionRecog\DataSets\UCF11\action_youtube_naudio\biking\v_biking_11\v_biking_11_01.avi,0
C:\Users\AbhishekGangadhar\Downloads\ActionRecog\ActionRecog\DataSets\UCF11\action_youtube_naudio\biking\v_biking_11\v_biking_11_02.avi,0
C:\Users\AbhishekGangadhar\Downloads\ActionRecog\ActionRecog\DataSets\UCF11\action_youtube_naudio\biking\v_biking_11\v_biking_11_03.avi,0
C:\Users\AbhishekGangadhar\Downloads\ActionRecog\ActionRecog\DataSets\UCF11\action_youtube_naudio\biking\v_biking_11\v_biking_11_04.avi,0
C:\Users\AbhishekGangadhar\Downloads\ActionRecog\ActionRecog\DataSets\UCF11\action_youtube_naudio\biking\v_biking_11\v_biking_11_05.avi,0
C:\Users\AbhishekGangadhar\Downloads\ActionRecog\ActionRecog\DataSets\UCF11\action_youtube_naudio\biking\v_biking_11\v_biking_11_06.avi,0
C:\Users\AbhishekGangadhar\Downloads\ActionRecog\ActionRecog\DataSets\UCF11\action_youtube_naudio\golf_swing\v_golf_07\v_golf_07_01.avi,1
C:\Users\AbhishekGangadhar\Downloads\ActionRecog\ActionRecog\DataSets\UCF11\action_youtube_naudio\golf_swing\v_golf_07\v_golf_07_02.avi,1
C:\Users\AbhishekGangadhar\Downloads\ActionRecog\ActionRecog\DataSets\UCF11\action_youtube_naudio\golf_swing\v_golf_07\v_golf_07_03.avi,1
C:\Users\AbhishekGangadhar\Downloads\ActionRecog\ActionRecog\DataSets\UCF11\action_youtube_naudio\golf_swing\v_golf_07\v_golf_07_04.avi,1
C:\Users\AbhishekGangadhar\Downloads\ActionRecog\ActionRecog\DataSets\UCF11\action_youtube_naudio\golf_swing\v_golf_07\v_golf_07_05.avi,1
C:\Users\AbhishekGangadhar\Downloads\ActionRecog\ActionRecog\DataSets\UCF11\action_youtube_naudio\golf_swing\v_golf_14\v_golf_14_01.avi,1
C:\Users\AbhishekGangadhar\Downloads\ActionRecog\ActionRecog\DataSets\UCF11\action_youtube_naudio\golf_swing\v_golf_14\v_golf_14_02.avi,1
C:\Users\AbhishekGangadhar\Downloads\ActionRecog\ActionRecog\DataSets\UCF11\action_youtube_naudio\golf_swing\v_golf_14\v_golf_14_03.avi,1
C:\Users\AbhishekGangadhar\Downloads\ActionRecog\ActionRecog\DataSets\UCF11\action_youtube_naudio\golf_swing\v_golf_14\v_golf_14_04.avi,1
C:\Users\AbhishekGangadhar\Downloads\ActionRecog\ActionRecog\DataSets\UCF11\action_youtube_naudio\trampoline_jumping\v_jumping_06\v_jumping_06_01.avi,2
C:\Users\AbhishekGangadhar\Downloads\ActionRecog\ActionRecog\DataSets\UCF11\action_youtube_naudio\trampoline_jumping\v_jumping_06\v_jumping_06_02.avi,2
C:\Users\AbhishekGangadhar\Downloads\ActionRecog\ActionRecog\DataSets\UCF11\action_youtube_naudio\trampoline_jumping\v_jumping_06\v_jumping_06_03.avi,2
C:\Users\AbhishekGangadhar\Downloads\ActionRecog\ActionRecog\DataSets\UCF11\action_youtube_naudio\trampoline_jumping\v_jumping_06\v_jumping_06_04.avi,2
C:\Users\AbhishekGangadhar\Downloads\ActionRecog\ActionRecog\DataSets\UCF11\action_youtube_naudio\biking\v_biking_02\v_biking_02_01.avi,0
C:\Users\AbhishekGangadhar\Downloads\ActionRecog\ActionRecog\DataSets\UCF11\action_youtube_naudio\biking\v_biking_02\v_biking_02_02.avi,0
C:\Users\AbhishekGangadhar\Downloads\ActionRecog\ActionRecog\DataSets\UCF11\action_youtube_naudio\biking\v_biking_02\v_biking_02_03.avi,0
C:\Users\AbhishekGangadhar\Downloads\ActionRecog\ActionRecog\DataSets\UCF11\action_youtube_naudio\biking\v_biking_02\v_biking_02_04.avi,0
C:\Users\AbhishekGangadhar\Downloads\ActionRecog\ActionRecog\DataSets\UCF11\action_youtube_naudio\biking\v_biking_02\v_biking_02_05.avi,0
C:\Users\AbhishekGangadhar\Downloads\ActionRecog\ActionRecog\DataSets\UCF11\action_youtube_naudio\biking\v_biking_02\v_biking_02_06.avi,0
C:\Users\AbhishekGangadhar\Downloads\ActionRecog\ActionRecog\DataSets\UCF11\action_youtube_naudio\biking\v_biking_02\v_biking_02_07.avi,0
C:\Users\AbhishekGangadhar\Downloads\ActionRecog\ActionRecog\DataSets\UCF11\action_youtube_naudio\golf_swing\v_golf_08\v_golf_08_01.avi,1
C:\Users\AbhishekGangadhar\Downloads\ActionRecog\ActionRecog\DataSets\UCF11\action_youtube_naudio\golf_swing\v_golf_08\v_golf_08_02.avi,1
C:\Users\AbhishekGangadhar\Downloads\ActionRecog\ActionRecog\DataSets\UCF11\action_youtube_naudio\golf_swing\v_golf_08\v_golf_08_03.avi,1
C:\Users\AbhishekGangadhar\Downloads\ActionRecog\ActionRecog\DataSets\UCF11\action_youtube_naudio\golf_swing\v_golf_08\v_golf_08_04.avi,1
C:\Users\AbhishekGangadhar\Downloads\ActionRecog\ActionRecog\DataSets\UCF11\action_youtube_naudio\golf_swing\v_golf_08\v_golf_08_05.avi,1
C:\Users\AbhishekGangadhar\Downloads\ActionRecog\ActionRecog\DataSets\UCF11\action_youtube_naudio\golf_swing\v_golf_08\v_golf_08_06.avi,1
C:\Users\AbhishekGangadhar\Downloads\ActionRecog\ActionRecog\DataSets\UCF11\action_youtube_naudio\trampoline_jumping\v_jumping_23\v_jumping_23_01.avi,2
C:\Users\AbhishekGangadhar\Downloads\ActionRecog\ActionRecog\DataSets\UCF11\action_youtube_naudio\trampoline_jumping\v_jumping_23\v_jumping_23_02.avi,2
C:\Users\AbhishekGangadhar\Downloads\ActionRecog\ActionRecog\DataSets\UCF11\action_youtube_naudio\trampoline_jumping\v_jumping_23\v_jumping_23_03.avi,2
C:\Users\AbhishekGangadhar\Downloads\ActionRecog\ActionRecog\DataSets\UCF11\action_youtube_naudio\trampoline_jumping\v_jumping_23\v_jumping_23_04.avi,2
C:\Users\AbhishekGangadhar\Downloads\ActionRecog\ActionRecog\DataSets\UCF11\action_youtube_naudio\biking\v_biking_15\v_biking_15_01.avi,0
C:\Users\AbhishekGangadhar\Downloads\ActionRecog\ActionRecog\DataSets\UCF11\action_youtube_naudio\biking\v_biking_15\v_biking_15_02.avi,0
C:\Users\AbhishekGangadhar\Downloads\ActionRecog\ActionRecog\DataSets\UCF11\action_youtube_naudio\biking\v_biking_15\v_biking_15_03.avi,0
C:\Users\AbhishekGangadhar\Downloads\ActionRecog\ActionRecog\DataSets\UCF11\action_youtube_naudio\biking\v_biking_15\v_biking_15_04.avi,0
C:\Users\AbhishekGangadhar\Downloads\ActionRecog\ActionRecog\DataSets\UCF11\action_youtube_naudio\biking\v_biking_15\v_biking_15_05.avi,0
C:\Users\AbhishekGangadhar\Downloads\ActionRecog\ActionRecog\DataSets\UCF11\action_youtube_naudio\golf_swing\v_golf_18\v_golf_18_01.avi,1
C:\Users\AbhishekGangadhar\Downloads\ActionRecog\ActionRecog\DataSets\UCF11\action_youtube_naudio\golf_swing\v_golf_18\v_golf_18_02.avi,1
C:\Users\AbhishekGangadhar\Downloads\ActionRecog\ActionRecog\DataSets\UCF11\action_youtube_naudio\golf_swing\v_golf_18\v_golf_18_03.avi,1
C:\Users\AbhishekGangadhar\Downloads\ActionRecog\ActionRecog\DataSets\UCF11\action_youtube_naudio\golf_swing\v_golf_18\v_golf_18_04.avi,1
C:\Users\AbhishekGangadhar\Downloads\ActionRecog\ActionRecog\DataSets\UCF11\action_youtube_naudio\golf_swing\v_golf_18\v_golf_18_05.avi,1
C:\Users\AbhishekGangadhar\Downloads\ActionRecog\ActionRecog\DataSets\UCF11\action_youtube_naudio\golf_swing\v_golf_18\v_golf_18_06.avi,1
C:\Users\AbhishekGangadhar\Downloads\ActionRecog\ActionRecog\DataSets\UCF11\action_youtube_naudio\biking\v_biking_20\v_biking_20_01.avi,0
C:\Users\AbhishekGangadhar\Downloads\ActionRecog\ActionRecog\DataSets\UCF11\action_youtube_naudio\biking\v_biking_20\v_biking_20_02.avi,0
C:\Users\AbhishekGangadhar\Downloads\ActionRecog\ActionRecog\DataSets\UCF11\action_youtube_naudio\biking\v_biking_20\v_biking_20_03.avi,0
C:\Users\AbhishekGangadhar\Downloads\ActionRecog\ActionRecog\DataSets\UCF11\action_youtube_naudio\biking\v_biking_20\v_biking_20_04.avi,0
C:\Users\AbhishekGangadhar\Downloads\ActionRecog\ActionRecog\DataSets\UCF11\action_youtube_naudio\biking\v_biking_20\v_biking_20_05.avi,0
C:\Users\AbhishekGangadhar\Downloads\ActionRecog\ActionRecog\DataSets\UCF11\action_youtube_naudio\biking\v_biking_20\v_biking_20_06.avi,0
C:\Users\AbhishekGangadhar\Downloads\ActionRecog\ActionRecog\DataSets\UCF11\action_youtube_naudio\biking\v_biking_20\v_biking_20_07.avi,0
C:\Users\AbhishekGangadhar\Downloads\ActionRecog\ActionRecog\DataSets\UCF11\action_youtube_naudio\biking\v_biking_20\v_biking_20_08.avi,0
C:\Users\AbhishekGangadhar\Downloads\ActionRecog\ActionRecog\DataSets\UCF11\action_youtube_naudio\biking\v_biking_20\v_biking_20_09.avi,0
C:\Users\AbhishekGangadhar\Downloads\ActionRecog\ActionRecog\DataSets\UCF11\action_youtube_naudio\biking\v_biking_20\v_biking_20_10.avi,0
C:\Users\AbhishekGangadhar\Downloads\ActionRecog\ActionRecog\DataSets\UCF11\action_youtube_naudio\golf_swing\v_golf_05\v_golf_05_01.avi,1
C:\Users\AbhishekGangadhar\Downloads\ActionRecog\ActionRecog\DataSets\UCF11\action_youtube_naudio\golf_swing\v_golf_05\v_golf_05_02.avi,1
C:\Users\AbhishekGangadhar\Downloads\ActionRecog\ActionRecog\DataSets\UCF11\action_youtube_naudio\golf_swing\v_golf_05\v_golf_05_03.avi,1
C:\Users\AbhishekGangadhar\Downloads\ActionRecog\ActionRecog\DataSets\UCF11\action_youtube_naudio\golf_swing\v_golf_05\v_golf_05_04.avi,1
C:\Users\AbhishekGangadhar\Downloads\ActionRecog\ActionRecog\DataSets\UCF11\action_youtube_naudio\golf_swing\v_golf_05\v_golf_05_05.avi,1
C:\Users\AbhishekGangadhar\Downloads\ActionRecog\ActionRecog\DataSets\UCF11\action_youtube_naudio\golf_swing\v_golf_05\v_golf_05_06.avi,1
C:\Users\AbhishekGangadhar\Downloads\ActionRecog\ActionRecog\DataSets\UCF11\action_youtube_naudio\golf_swing\v_golf_05\v_golf_05_07.avi,1
C:\Users\AbhishekGangadhar\Downloads\ActionRecog\ActionRecog\DataSets\UCF11\action_youtube_naudio\golf_swing\v_golf_05\v_golf_05_08.avi,1
C:\Users\AbhishekGangadhar\Downloads\ActionRecog\ActionRecog\DataSets\UCF11\action_youtube_naudio\trampoline_jumping\v_jumping_12\v_jumping_12_01.avi,2
C:\Users\AbhishekGangadhar\Downloads\ActionRecog\ActionRecog\DataSets\UCF11\action_youtube_naudio\trampoline_jumping\v_jumping_12\v_jumping_12_02.avi,2
C:\Users\AbhishekGangadhar\Downloads\ActionRecog\ActionRecog\DataSets\UCF11\action_youtube_naudio\trampoline_jumping\v_jumping_12\v_jumping_12_03.avi,2
C:\Users\AbhishekGangadhar\Downloads\ActionRecog\ActionRecog\DataSets\UCF11\action_youtube_naudio\trampoline_jumping\v_jumping_12\v_jumping_12_04.avi,2
C:\Users\AbhishekGangadhar\Downloads\ActionRecog\ActionRecog\DataSets\UCF11\action_youtube_naudio\trampoline_jumping\v_jumping_12\v_jumping_12_05.avi,2
C:\Users\AbhishekGangadhar\Downloads\ActionRecog\ActionRecog\DataSets\UCF11\action_youtube_naudio\golf_swing\v_golf_11\v_golf_11_01.avi,1
C:\Users\AbhishekGangadhar\Downloads\ActionRecog\ActionRecog\DataSets\UCF11\action_youtube_naudio\golf_swing\v_golf_11\v_golf_11_02.avi,1
C:\Users\AbhishekGangadhar\Downloads\ActionRecog\ActionRecog\DataSets\UCF11\action_youtube_naudio\golf_swing\v_golf_11\v_golf_11_03.avi,1
C:\Users\AbhishekGangadhar\Downloads\ActionRecog\ActionRecog\DataSets\UCF11\action_youtube_naudio\golf_swing\v_golf_11\v_golf_11_04.avi,1
C:\Users\AbhishekGangadhar\Downloads\ActionRecog\ActionRecog\DataSets\UCF11\action_youtube_naudio\golf_swing\v_golf_11\v_golf_11_05.avi,1
C:\Users\AbhishekGangadhar\Downloads\ActionRecog\ActionRecog\DataSets\UCF11\action_youtube_naudio\golf_swing\v_golf_11\v_golf_11_06.avi,1
C:\Users\AbhishekGangadhar\Downloads\ActionRecog\ActionRecog\DataSets\UCF11\action_youtube_naudio\golf_swing\v_golf_11\v_golf_11_07.avi,1
C:\Users\AbhishekGangadhar\Downloads\ActionRecog\ActionRecog\DataSets\UCF11\action_youtube_naudio\biking\v_biking_19\v_biking_19_01.avi,0
C:\Users\AbhishekGangadhar\Downloads\ActionRecog\ActionRecog\DataSets\UCF11\action_youtube_naudio\biking\v_biking_19\v_biking_19_02.avi,0
C:\Users\AbhishekGangadhar\Downloads\ActionRecog\ActionRecog\DataSets\UCF11\action_youtube_naudio\biking\v_biking_19\v_biking_19_03.avi,0
C:\Users\AbhishekGangadhar\Downloads\ActionRecog\ActionRecog\DataSets\UCF11\action_youtube_naudio\biking\v_biking_19\v_biking_19_04.avi,0
C:\Users\AbhishekGangadhar\Downloads\ActionRecog\ActionRecog\DataSets\UCF11\action_youtube_naudio\biking\v_biking_01\v_biking_01_01.avi,0
C:\Users\AbhishekGangadhar\Downloads\ActionRecog\ActionRecog\DataSets\UCF11\action_youtube_naudio\biking\v_biking_01\v_biking_01_02.avi,0
C:\Users\AbhishekGangadhar\Downloads\ActionRecog\ActionRecog\DataSets\UCF11\action_youtube_naudio\biking\v_biking_01\v_biking_01_03.avi,0
C:\Users\AbhishekGangadhar\Downloads\ActionRecog\ActionRecog\DataSets\UCF11\action_youtube_naudio\biking\v_biking_01\v_biking_01_04.avi,0
C:\Users\AbhishekGangadhar\Downloads\ActionRecog\ActionRecog\DataSets\UCF11\action_youtube_naudio\trampoline_jumping\v_jumping_24\v_jumping_24_01.avi,2
C:\Users\AbhishekGangadhar\Downloads\ActionRecog\ActionRecog\DataSets\UCF11\action_youtube_naudio\trampoline_jumping\v_jumping_24\v_jumping_24_02.avi,2
C:\Users\AbhishekGangadhar\Downloads\ActionRecog\ActionRecog\DataSets\UCF11\action_youtube_naudio\trampoline_jumping\v_jumping_24\v_jumping_24_03.avi,2
C:\Users\AbhishekGangadhar\Downloads\ActionRecog\ActionRecog\DataSets\UCF11\action_youtube_naudio\trampoline_jumping\v_jumping_24\v_jumping_24_04.avi,2
C:\Users\AbhishekGangadhar\Downloads\ActionRecog\ActionRecog\DataSets\UCF11\action_youtube_naudio\biking\v_biking_16\v_biking_16_01.avi,0
C:\Users\AbhishekGangadhar\Downloads\ActionRecog\ActionRecog\DataSets\UCF11\action_youtube_naudio\biking\v_biking_16\v_biking_16_02.avi,0
C:\Users\AbhishekGangadhar\Downloads\ActionRecog\ActionRecog\DataSets\UCF11\action_youtube_naudio\biking\v_biking_16\v_biking_16_03.avi,0
C:\Users\AbhishekGangadhar\Downloads\ActionRecog\ActionRecog\DataSets\UCF11\action_youtube_naudio\biking\v_biking_16\v_biking_16_04.avi,0
C:\Users\AbhishekGangadhar\Downloads\ActionRecog\ActionRecog\DataSets\UCF11\action_youtube_naudio\biking\v_biking_16\v_biking_16_05.avi,0
C:\Users\AbhishekGangadhar\Downloads\ActionRecog\ActionRecog\DataSets\UCF11\action_youtube_naudio\biking\v_biking_06\v_biking_06_01.avi,0
C:\Users\AbhishekGangadhar\Downloads\ActionRecog\ActionRecog\DataSets\UCF11\action_youtube_naudio\biking\v_biking_06\v_biking_06_02.avi,0
C:\Users\AbhishekGangadhar\Downloads\ActionRecog\ActionRecog\DataSets\UCF11\action_youtube_naudio\biking\v_biking_06\v_biking_06_03.avi,0
C:\Users\AbhishekGangadhar\Downloads\ActionRecog\ActionRecog\DataSets\UCF11\action_youtube_naudio\biking\v_biking_06\v_biking_06_04.avi,0
C:\Users\AbhishekGangadhar\Downloads\ActionRecog\ActionRecog\DataSets\UCF11\action_youtube_naudio\biking\v_biking_06\v_biking_06_05.avi,0
C:\Users\AbhishekGangadhar\Downloads\ActionRecog\ActionRecog\DataSets\UCF11\action_youtube_naudio\trampoline_jumping\v_jumping_04\v_jumping_04_01.avi,2
C:\Users\AbhishekGangadhar\Downloads\ActionRecog\ActionRecog\DataSets\UCF11\action_youtube_naudio\trampoline_jumping\v_jumping_04\v_jumping_04_02.avi,2
C:\Users\AbhishekGangadhar\Downloads\ActionRecog\ActionRecog\DataSets\UCF11\action_youtube_naudio\trampoline_jumping\v_jumping_04\v_jumping_04_03.avi,2
C:\Users\AbhishekGangadhar\Downloads\ActionRecog\ActionRecog\DataSets\UCF11\action_youtube_naudio\trampoline_jumping\v_jumping_04\v_jumping_04_04.avi,2
C:\Users\AbhishekGangadhar\Downloads\ActionRecog\ActionRecog\DataSets\UCF11\action_youtube_naudio\trampoline_jumping\v_jumping_04\v_jumping_04_05.avi,2
C:\Users\AbhishekGangadhar\Downloads\ActionRecog\ActionRecog\DataSets\UCF11\action_youtube_naudio\biking\v_biking_17\v_biking_17_01.avi,0
C:\Users\AbhishekGangadhar\Downloads\ActionRecog\ActionRecog\DataSets\UCF11\action_youtube_naudio\biking\v_biking_17\v_biking_17_02.avi,0
C:\Users\AbhishekGangadhar\Downloads\ActionRecog\ActionRecog\DataSets\UCF11\action_youtube_naudio\biking\v_biking_17\v_biking_17_03.avi,0
C:\Users\AbhishekGangadhar\Downloads\ActionRecog\ActionRecog\DataSets\UCF11\action_youtube_naudio\biking\v_biking_17\v_biking_17_04.avi,0
C:\Users\AbhishekGangadhar\Downloads\ActionRecog\ActionRecog\DataSets\UCF11\action_youtube_naudio\biking\v_biking_17\v_biking_17_05.avi,0
C:\Users\AbhishekGangadhar\Downloads\ActionRecog\ActionRecog\DataSets\UCF11\action_youtube_naudio\biking\v_biking_17\v_biking_17_06.avi,0
C:\Users\AbhishekGangadhar\Downloads\ActionRecog\ActionRecog\DataSets\UCF11\action_youtube_naudio\trampoline_jumping\v_jumping_02\v_jumping_02_01.avi,2
C:\Users\AbhishekGangadhar\Downloads\ActionRecog\ActionRecog\DataSets\UCF11\action_youtube_naudio\trampoline_jumping\v_jumping_02\v_jumping_02_02.avi,2
C:\Users\AbhishekGangadhar\Downloads\ActionRecog\ActionRecog\DataSets\UCF11\action_youtube_naudio\trampoline_jumping\v_jumping_02\v_jumping_02_03.avi,2
C:\Users\AbhishekGangadhar\Downloads\ActionRecog\ActionRecog\DataSets\UCF11\action_youtube_naudio\trampoline_jumping\v_jumping_02\v_jumping_02_04.avi,2
C:\Users\AbhishekGangadhar\Downloads\ActionRecog\ActionRecog\DataSets\UCF11\action_youtube_naudio\trampoline_jumping\v_jumping_02\v_jumping_02_05.avi,2
C:\Users\AbhishekGangadhar\Downloads\ActionRecog\ActionRecog\DataSets\UCF11\action_youtube_naudio\trampoline_jumping\v_jumping_02\v_jumping_02_06.avi,2
C:\Users\AbhishekGangadhar\Downloads\ActionRecog\ActionRecog\DataSets\UCF11\action_youtube_naudio\biking\v_biking_21\v_biking_21_01.avi,0
C:\Users\AbhishekGangadhar\Downloads\ActionRecog\ActionRecog\DataSets\UCF11\action_youtube_naudio\biking\v_biking_21\v_biking_21_02.avi,0
C:\Users\AbhishekGangadhar\Downloads\ActionRecog\ActionRecog\DataSets\UCF11\action_youtube_naudio\biking\v_biking_21\v_biking_21_03.avi,0
C:\Users\AbhishekGangadhar\Downloads\ActionRecog\ActionRecog\DataSets\UCF11\action_youtube_naudio\biking\v_biking_21\v_biking_21_04.avi,0
C:\Users\AbhishekGangadhar\Downloads\ActionRecog\ActionRecog\DataSets\UCF11\action_youtube_naudio\biking\v_biking_21\v_biking_21_05.avi,0
C:\Users\AbhishekGangadhar\Downloads\ActionRecog\ActionRecog\DataSets\UCF11\action_youtube_naudio\biking\v_biking_21\v_biking_21_06.avi,0
C:\Users\AbhishekGangadhar\Downloads\ActionRecog\ActionRecog\DataSets\UCF11\action_youtube_naudio\biking\v_biking_21\v_biking_21_07.avi,0
C:\Users\AbhishekGangadhar\Downloads\ActionRecog\ActionRecog\DataSets\UCF11\action_youtube_naudio\biking\v_biking_21\v_biking_21_08.avi,0
C:\Users\AbhishekGangadhar\Downloads\ActionRecog\ActionRecog\DataSets\UCF11\action_youtube_naudio\biking\v_biking_21\v_biking_21_09.avi,0
C:\Users\AbhishekGangadhar\Downloads\ActionRecog\ActionRecog\DataSets\UCF11\action_youtube_naudio\biking\v_biking_21\v_biking_21_10.avi,0
C:\Users\AbhishekGangadhar\Downloads\ActionRecog\ActionRecog\DataSets\UCF11\action_youtube_naudio\biking\v_biking_21\v_biking_21_11.avi,0
C:\Users\AbhishekGangadhar\Downloads\ActionRecog\ActionRecog\DataSets\UCF11\action_youtube_naudio\biking\v_biking_21\v_biking_21_12.avi,0
C:\Users\AbhishekGangadhar\Downloads\ActionRecog\ActionRecog\DataSets\UCF11\action_youtube_naudio\trampoline_jumping\v_jumping_20\v_jumping_20_01.avi,2
C:\Users\AbhishekGangadhar\Downloads\ActionRecog\ActionRecog\DataSets\UCF11\action_youtube_naudio\trampoline_jumping\v_jumping_20\v_jumping_20_02.avi,2
C:\Users\AbhishekGangadhar\Downloads\ActionRecog\ActionRecog\DataSets\UCF11\action_youtube_naudio\trampoline_jumping\v_jumping_20\v_jumping_20_03.avi,2
C:\Users\AbhishekGangadhar\Downloads\ActionRecog\ActionRecog\DataSets\UCF11\action_youtube_naudio\trampoline_jumping\v_jumping_20\v_jumping_20_04.avi,2
C:\Users\AbhishekGangadhar\Downloads\ActionRecog\ActionRecog\DataSets\UCF11\action_youtube_naudio\trampoline_jumping\v_jumping_20\v_jumping_20_05.avi,2
C:\Users\AbhishekGangadhar\Downloads\ActionRecog\ActionRecog\DataSets\UCF11\action_youtube_naudio\biking\v_biking_09\v_biking_09_01.avi,0
C:\Users\AbhishekGangadhar\Downloads\ActionRecog\ActionRecog\DataSets\UCF11\action_youtube_naudio\biking\v_biking_09\v_biking_09_02.avi,0
C:\Users\AbhishekGangadhar\Downloads\ActionRecog\ActionRecog\DataSets\UCF11\action_youtube_naudio\biking\v_biking_09\v_biking_09_03.avi,0
C:\Users\AbhishekGangadhar\Downloads\ActionRecog\ActionRecog\DataSets\UCF11\action_youtube_naudio\biking\v_biking_09\v_biking_09_04.avi,0
C:\Users\AbhishekGangadhar\Downloads\ActionRecog\ActionRecog\DataSets\UCF11\action_youtube_naudio\biking\v_biking_14\v_biking_14_01.avi,0
C:\Users\AbhishekGangadhar\Downloads\ActionRecog\ActionRecog\DataSets\UCF11\action_youtube_naudio\biking\v_biking_14\v_biking_14_02.avi,0
C:\Users\AbhishekGangadhar\Downloads\ActionRecog\ActionRecog\DataSets\UCF11\action_youtube_naudio\biking\v_biking_14\v_biking_14_03.avi,0
C:\Users\AbhishekGangadhar\Downloads\ActionRecog\ActionRecog\DataSets\UCF11\action_youtube_naudio\biking\v_biking_14\v_biking_14_04.avi,0
C:\Users\AbhishekGangadhar\Downloads\ActionRecog\ActionRecog\DataSets\UCF11\action_youtube_naudio\golf_swing\v_golf_01\v_golf_01_01.avi,1
C:\Users\AbhishekGangadhar\Downloads\ActionRecog\ActionRecog\DataSets\UCF11\action_youtube_naudio\golf_swing\v_golf_01\v_golf_01_02.avi,1
C:\Users\AbhishekGangadhar\Downloads\ActionRecog\ActionRecog\DataSets\UCF11\action_youtube_naudio\golf_swing\v_golf_01\v_golf_01_03.avi,1
C:\Users\AbhishekGangadhar\Downloads\ActionRecog\ActionRecog\DataSets\UCF11\action_youtube_naudio\golf_swing\v_golf_01\v_golf_01_04.avi,1
C:\Users\AbhishekGangadhar\Downloads\ActionRecog\ActionRecog\DataSets\UCF11\action_youtube_naudio\golf_swing\v_golf_01\v_golf_01_05.avi,1
C:\Users\AbhishekGangadhar\Downloads\ActionRecog\ActionRecog\DataSets\UCF11\action_youtube_naudio\golf_swing\v_golf_01\v_golf_01_06.avi,1
C:\Users\AbhishekGangadhar\Downloads\ActionRecog\ActionRecog\DataSets\UCF11\action_youtube_naudio\golf_swing\v_golf_13\v_golf_13_01.avi,1
C:\Users\AbhishekGangadhar\Downloads\ActionRecog\ActionRecog\DataSets\UCF11\action_youtube_naudio\golf_swing\v_golf_13\v_golf_13_02.avi,1
C:\Users\AbhishekGangadhar\Downloads\ActionRecog\ActionRecog\DataSets\UCF11\action_youtube_naudio\golf_swing\v_golf_13\v_golf_13_03.avi,1
C:\Users\AbhishekGangadhar\Downloads\ActionRecog\ActionRecog\DataSets\UCF11\action_youtube_naudio\golf_swing\v_golf_13\v_golf_13_04.avi,1
